Customer ID,Customer Name,Sales,Profit,Orders,Quantity,Avg_Discount,Profit Margin (%)
SM-20320,Sean Miller,25043.05,-1980.7393000000022,5,50,0.24666666666666667,-7.91
TC-20980,Tamara Chand,19052.217999999997,8981.323899999998,5,42,0.11666666666666668,47.14
RB-19360,Raymond Buch,15117.339,6976.095899999999,6,71,0.09444444444444444,46.15
TA-21385,Tom Ashbrook,14595.62,4703.788299999999,4,36,0.08,32.23
AB-10105,Adrian Barton,14473.571,5444.8054999999995,10,73,0.24,37.62
KL-16645,Ken Lonsdale,14175.229,806.8549999999996,12,113,0.19999999999999998,5.69
SC-20095,Sanjit Chand,14142.334,5757.4119,9,87,0.06363636363636364,40.71
HL-15040,Hunter Lopez,12873.297999999999,5622.4292,6,50,0.018181818181818184,43.68
SE-20110,Sanjit Engle,12209.438,2650.6768999999995,11,78,0.1105263157894737,21.71
CC-12370,Christopher Conant,12129.072,2177.0492999999988,5,34,0.2818181818181818,17.95
TS-21370,Todd Sumrall,11891.751,2371.7144,6,59,0.11666666666666667,19.94
GT-14710,Greg Tran,11820.12,2163.4268999999995,11,106,0.1,18.3
BM-11140,Becky Martin,11789.63,-1659.958100000002,4,64,0.16875,-14.08
SV-20365,Seth Vernon,11470.95,1199.4242,10,109,0.15625,10.46
CJ-12010,Caroline Jumper,11164.974,858.7413999999995,8,83,0.1885,7.69
CL-12565,Clay Ludtke,10880.546,1933.7830999999996,12,106,0.1142857142857143,17.77
ME-17320,Maria Etezadi,10663.728000000001,1859.4694999999997,10,82,0.13181818181818183,17.44
KF-16285,Karen Ferguson,10604.266,1660.1386,7,67,0.03333333333333334,15.66
BS-11365,Bill Shonely,10501.653,2616.0643999999998,5,39,0.011111111111111112,24.91
JE-15715,Joe Elijah,10461.459,1443.1773999999994,12,129,0.3233333333333333,13.8
EH-13765,Edward Hooks,10310.88,1393.5153999999995,12,120,0.07187500000000001,13.51
JL-15835,John Lee,9799.923,228.90699999999947,11,143,0.08823529411764706,2.34
GT-14635,Grant Thornton,9351.212,-4108.6588999999985,3,26,0.25,-43.94
HW-14935,Helen Wasserman,9300.253999999999,2164.1611,8,85,0.045,23.27
TB-21400,Tom Boeckenhauer,9133.99,2798.3688999999995,7,55,0.07058823529411766,30.64
PF-19120,Peter Fuller,9062.864000000001,-614.2943000000006,4,75,0.12105263157894738,-6.78
CM-12385,Christopher Martinez,8954.02,3899.8903999999998,4,34,0.12,43.55
JW-15220,Jane Waco,8846.354000000001,2530.5094,10,154,0.029411764705882353,28.61
JD-16150,Justin Deggeller,8828.0305,1619.5198999999996,8,60,0.05588235294117647,18.35
LA-16780,Laura Armstrong,8673.222,2059.1198999999997,11,105,0.11538461538461539,23.74
PK-19075,Pete Kriz,8646.934000000001,2038.2675999999997,12,107,0.07600000000000001,23.57
GG-14650,Greg Guthrie,8584.092,1415.2423,11,133,0.13611111111111113,16.49
BF-11170,Ben Ferrer,8430.144,1980.3261,13,146,0.1108108108108108,23.49
DR-12940,Daniel Raglin,8350.868,2869.0759999999996,8,57,0.15384615384615385,34.36
NF-18385,Natalie Fritzler,8322.826000000001,-1695.9714000000004,7,52,0.25,-20.38
KD-16270,Karen Daniels,8282.358,1107.695199999999,5,64,0.1875,13.37
NC-18535,Nick Crebassa,8241.739,1314.7579999999996,7,64,0.13666666666666666,15.95
HM-14860,Harry Marie,8236.7648,2437.9836,10,76,0.231,29.6
KD-16495,Keith Dawkins,8181.256,3038.6253999999994,12,84,0.08750000000000001,37.14
SB-20290,Sean Braxton,8057.891,-2082.7451000000005,7,84,0.24117647058823527,-25.85
ZC-21910,Zuschuss Carroll,8025.707,-1032.1490000000008,13,105,0.25483870967741934,-12.86
JH-15985,Joseph Holt,7954.9980000000005,-644.6982000000002,6,64,0.08571428571428573,-8.1
NP-18700,Nora Preis,7903.1825,631.2281999999999,7,63,0.19615384615384618,7.99
AH-10690,Anna Häberlin,7888.294,1298.0165999999995,12,102,0.21739130434782608,16.45
AB-10060,Adam Bellavance,7755.620000000001,2054.5884999999994,8,56,0.044444444444444446,26.49
JE-15610,Jim Epp,7754.976,1623.4018999999998,7,74,0.16,20.93
LC-16885,Lena Creighton,7663.126,1288.3468999999998,12,93,0.1565217391304348,16.81
JM-15865,John Murray,7625.076,1574.6164,7,50,0.1846153846153846,20.65
JD-15895,Jonathan Doherty,7610.864,1050.2668,11,150,0.075,13.8
PO-18850,Patrick O'Brill,7473.828200000002,38.475699999999776,11,91,0.21,0.51
MS-17365,Maribeth Schnelling,7443.6900000000005,844.9354999999998,10,105,0.16041666666666668,11.35
RW-19540,Rick Wilson,7397.401000000001,1586.6272999999997,7,89,0.13478260869565217,21.45
BM-11650,Brian Moss,7294.185,2199.2780999999995,11,95,0.08448275862068966,30.15
PP-18955,Paul Prost,7252.608,1495.0853999999997,10,138,0.10882352941176471,20.61
NW-18400,Natalie Webber,7234.014,1023.1229999999999,7,78,0.21363636363636365,14.14
Dp-13240,Dean percer,7198.761,333.3647999999998,11,99,0.18620689655172415,4.63
NF-18595,Nicole Fjeld,7003.068,1167.0986999999998,11,103,0.11000000000000001,16.67
FH-14365,Fred Hopkins,6987.196000000001,2050.2825999999995,8,52,0.13846153846153847,29.34
RH-19510,Rick Huthwaite,6979.18,1289.4534999999994,6,43,0.03333333333333333,18.48
PS-19045,Penelope Sewall,6843.634,1742.7296999999999,7,47,0.08461538461538462,25.46
BB-11545,Brenda Bowman,6765.728,1015.0749999999995,9,83,0.195,15.0
JE-15745,Joel Eaton,6760.815,221.7967000000002,13,90,0.14565217391304347,3.28
YS-21880,Yana Sorensen,6720.444,1778.2922999999996,8,58,0.05000000000000001,26.46
AR-10540,Andy Reiter,6608.448,2884.6207999999997,6,33,0.06666666666666668,43.65
DR-12880,Dan Reichenbach,6528.034000000001,1641.8612999999998,9,103,0.13333333333333333,25.15
GK-14620,Grace Kelly,6497.27,1448.5525,9,66,0.15714285714285717,22.29
JA-15970,Joseph Airdo,6491.026000000001,-819.4217000000001,8,87,0.2125,-12.62
NM-18445,Nathan Mautz,6459.344,2751.6849,7,44,0.042857142857142864,42.6
VD-21670,Valerie Dominguez,6442.254,1617.7874000000002,6,71,0.07500000000000001,25.11
SB-20185,Sarah Brown,6410.996,885.4623999999995,6,45,0.1416666666666667,13.81
JG-15160,James Galang,6366.392,1415.6663999999998,11,70,0.1111111111111111,22.24
DM-13015,Darrin Martin,6345.103000000001,1677.3931,7,87,0.22999999999999998,26.44
CM-12655,Corinna Mitchell,6339.5576,1572.4585000000002,6,42,0.072,24.8
WB-21850,William Brown,6327.268,692.3907999999997,13,154,0.22926829268292684,10.94
MJ-17740,Max Jones,6320.746,1054.5528999999997,7,50,0.21333333333333335,16.68
BH-11710,Brosina Hoffman,6255.351,802.7897999999999,8,97,0.18333333333333335,12.83
RL-19615,Rob Lucas,6234.91,488.1483999999998,8,101,0.21875,7.83
VW-21775,Victoria Wilson,6134.038,-874.6645000000001,10,77,0.1611111111111111,-14.26
SD-20485,Shirley Daniels,6121.1140000000005,1985.1672,9,82,0.10476190476190476,32.43
QJ-19255,Quincy Jones,6108.338,1203.6768000000002,9,61,0.12307692307692308,19.71
AD-10180,Alan Dominguez,6106.88,1869.9294,8,40,0.05833333333333333,30.62
CB-12025,Cassandra Brandow,6076.139,150.20889999999946,10,122,0.16346153846153846,2.47
GM-14695,Greg Maxwell,6049.965999999999,188.72350000000003,3,44,0.05454545454545456,3.12
SC-20380,Shahid Collister,5992.536,236.66149999999988,9,80,0.19,3.95
KH-16690,Kristen Hastings,5990.799000000001,1227.5091,7,69,0.12666666666666665,20.49
RM-19675,Robert Marley,5979.096,1902.5438,5,39,0.045454545454545456,31.82
KH-16510,Keith Herrera,5952.859,656.1161999999999,7,91,0.10869565217391304,11.02
CP-12340,Christine Phan,5888.275000000001,-1850.3029,8,59,0.21333333333333335,-31.42
BD-11320,Bill Donatelli,5718.521,1094.5036999999998,12,75,0.07894736842105263,19.14
SM-20950,Suzanne McNair,5695.79,610.1141999999999,14,103,0.13333333333333333,10.71
CS-12505,Cindy Stewart,5690.055000000001,-6626.389500000001,6,40,0.19999999999999998,-116.46
AM-10705,Anne McFarland,5664.022,1085.7325999999998,8,81,0.06363636363636363,19.17
RB-19795,Ross Baird,5633.316000000001,-461.7332000000001,8,92,0.25,-8.2
KM-16375,Katherine Murray,5620.186,973.7902,8,69,0.13999999999999999,17.33
AA-10315,Alex Avila,5563.56,-362.8825000000002,5,30,0.09090909090909091,-6.52
NP-18325,Naresj Patel,5529.62,1208.8890000000001,6,77,0.05714285714285715,21.86
AC-10450,Amy Cox,5527.846,1366.0097999999998,7,43,0.1888888888888889,24.71
MH-18115,Mick Hernandez,5503.093,170.9745999999999,9,79,0.16818181818181818,3.11
DP-13390,Dennis Pardue,5480.724000000001,1571.8318,9,50,0.18571428571428572,28.68
EP-13915,Emily Phan,5478.0608,144.95779999999988,17,124,0.19741935483870968,2.65
YC-21895,Yoseph Carroll,5454.35,1305.6290000000001,5,31,0.07500000000000001,23.94
SP-20620,Stefania Perrino,5440.319,-270.42819999999966,9,77,0.25,-4.97
LW-17215,Luke Weiss,5420.514,837.2411000000002,7,59,0.16666666666666666,15.45
CP-12085,Cathy Prescott,5402.253999999999,427.02580000000006,8,57,0.14285714285714285,7.9
TS-21205,Thomas Seio,5371.09,862.8877000000001,7,67,0.15789473684210525,16.07
TT-21460,Tonja Turnell,5364.808,1124.4998999999998,7,48,0.1285714285714286,20.96
MW-18220,Mitch Webber,5341.900000000001,1238.4219999999998,7,51,0.07857142857142858,23.18
TP-21415,Tom Prescott,5329.0048,-1087.3898000000002,5,39,0.462,-20.41
TW-21025,Tamara Willingham,5278.826,737.3904999999997,7,57,0.10000000000000002,13.97
DW-13480,Dianna Wilson,5271.628000000001,1348.7555999999997,5,38,0.03636363636363637,25.59
MW-18235,Mitch Willingham,5253.876,1665.5159999999998,2,13,0.06666666666666667,31.7
HR-14830,Harold Ryan,5248.787,1196.9504,7,51,0.1,22.8
SC-20725,Steven Cartwright,5226.21,1276.6512999999998,11,133,0.15000000000000002,24.43
RP-19390,Resi Pölking,5153.084000000001,465.25030000000015,12,88,0.14800000000000002,9.03
LR-16915,Lena Radford,5142.892000000001,535.4763999999998,6,64,0.175,10.41
MP-18175,Mike Pelletier,5087.92,226.4529,9,78,0.15526315789473685,4.45
AA-10645,Anna Andreadi,5086.9349999999995,857.8032999999999,6,64,0.06388888888888888,16.86
IL-15100,Ivan Liston,5040.736000000001,1121.937,7,60,0.07142857142857142,22.26
KL-16555,Kelly Lampkin,5016.488,-182.78130000000016,8,84,0.29545454545454547,-3.64
LB-16795,Laurel Beltran,4985.676,-52.19100000000014,8,76,0.23750000000000002,-1.05
DH-13075,Dave Hallsten,4932.872,1193.7404,6,81,0.0782608695652174,24.2
IM-15070,Irene Maddox,4930.474,514.6527,7,93,0.16666666666666666,10.44
TT-21070,Ted Trevino,4915.602,751.9567,7,66,0.1142857142857143,15.3
KM-16720,Kunst Miller,4909.472,745.7684999999997,8,98,0.08928571428571429,15.19
PO-19180,Philisse Overcash,4893.043,1155.4331,9,65,0.10555555555555557,23.61
HK-14890,Heather Kirkland,4877.784,956.9451000000001,8,64,0.21333333333333335,19.62
AJ-10780,Anthony Jacobs,4867.344,150.71299999999974,7,62,0.08666666666666667,3.1
JK-15730,Joe Kamberova,4867.2,55.048299999999976,10,88,0.3325,1.13
AH-10210,Alan Hwang,4805.344,1308.5546,9,53,0.09230769230769233,27.23
DK-13225,Dean Katz,4802.394,209.89940000000016,9,70,0.19473684210526318,4.37
RA-19915,Russell Applegate,4793.543,304.86729999999983,9,75,0.27954545454545454,6.36
SA-20830,Sue Ann Reed,4767.3415,610.1495999999997,10,75,0.19285714285714284,12.8
JK-15640,Jim Kriz,4760.434,1172.5303000000001,9,41,0.10000000000000002,24.63
BW-11110,Bart Watters,4750.358,921.2573999999995,8,74,0.1411764705882353,19.39
TB-21520,Tracy Blumstein,4737.486000000001,-1603.0451,9,85,0.265,-33.84
GB-14575,Giulietta Baptist,4716.288,1135.8392999999999,5,63,0.037500000000000006,24.08
RB-19465,Rick Bensley,4715.465999999999,640.5465999999999,12,85,0.13478260869565217,13.58
ES-14080,Erin Smith,4657.924,246.6660999999999,9,77,0.26,5.3
DB-13270,Deborah Brumfield,4655.897,841.8264,8,52,0.2076923076923077,18.08
KT-16480,Kean Thornton,4642.0884,194.0671,10,37,0.14769230769230768,4.18
SC-20050,Sample Company A,4624.572,1011.7442999999997,9,61,0.18666666666666665,21.88
CC-12430,Chuck Clark,4606.952,314.2226999999997,12,83,0.07600000000000001,6.82
EM-14140,Eugene Moren,4588.436,1319.3654999999999,6,74,0.06666666666666668,28.75
DB-13060,Dave Brooks,4531.646000000001,473.0272,7,48,0.1846153846153846,10.44
AR-10825,Anthony Rawles,4523.336,494.8352,8,54,0.07692307692307693,10.94
AG-10900,Arthur Gainer,4510.7970000000005,343.68239999999986,10,92,0.16666666666666666,7.62
CT-11995,Carol Triggs,4503.618,400.8580999999998,11,104,0.15,8.9
AJ-10795,Anthony Johnson,4501.391,1158.7063999999998,7,88,0.08333333333333333,25.74
LC-16930,Linda Cazamias,4492.946,288.2660000000002,8,52,0.17142857142857143,6.42
SC-20770,Stewart Carmichael,4492.657,-671.1873999999999,7,75,0.3047619047619048,-14.94
TP-21130,Theone Pippenger,4454.056,1129.1261,9,55,0.0875,25.35
MC-17425,Mark Cousins,4432.138,1802.3903,5,48,0.12,40.67
JK-15205,Jamie Kunitz,4427.142,1219.9829999999997,5,67,0.13076923076923078,27.56
KW-16435,Katrina Willman,4416.52,1756.1349999999995,5,42,0.11000000000000001,39.76
BD-11500,Bradley Drucker,4411.243,1142.1225000000002,6,49,0.135,25.89
AI-10855,Arianne Irving,4375.786,867.7271000000001,10,72,0.07222222222222223,19.83
SC-20230,Scot Coram,4371.9580000000005,440.1409999999999,4,49,0.10909090909090911,10.07
EB-13840,Ellis Ballard,4358.128,656.1988,5,41,0.125,15.06
GZ-14470,Gary Zandusky,4355.15,1087.7539,9,48,0.07857142857142858,24.98
SR-20740,Steven Roelle,4345.886,1990.4243999999999,8,50,0.03333333333333333,45.8
ND-18370,Natalie DeCherney,4326.139,353.6454999999999,9,63,0.21111111111111114,8.17
MA-17560,Matt Abelman,4299.161,1240.2266,11,117,0.09411764705882353,28.85
SP-20860,Sung Pak,4282.9400000000005,566.7225999999997,10,80,0.20833333333333334,13.23
DK-12895,Dana Kaydos,4282.1759999999995,937.6495999999999,5,65,0.08000000000000002,21.9
RD-19480,Rick Duston,4272.93,480.5939999999999,8,60,0.10666666666666667,11.25
TC-21295,Toby Carlisle,4266.812,606.3727000000001,8,63,0.13125,14.21
AS-10225,Alan Schoenberger,4260.784,719.7750999999998,5,41,0.06153846153846154,16.89
FH-14275,Frank Hawley,4256.272,1073.2676,10,65,0.1285714285714286,25.22
CB-12535,Claudia Bergmann,4246.4555,1049.5600999999997,8,74,0.05,24.72
TH-21550,Tracy Hopkins,4234.0960000000005,-571.9678000000001,7,44,0.06923076923076922,-13.51
BE-11335,Bill Eplett,4204.676,1487.7739000000001,5,35,0.022222222222222223,35.38
MP-17965,Michael Paige,4198.826,666.4858,11,74,0.23750000000000002,15.87
JF-15565,Jill Fjeld,4198.332,1073.2087999999999,8,67,0.175,25.56
GH-14425,Gary Hwang,4172.846,1176.4180999999999,4,51,0.19,28.19
RS-19765,Roland Schwarz,4159.77,1206.3851,8,54,0.1142857142857143,29.0
MY-18295,Muhammed Yedwab,4152.696,-371.7111,11,89,0.2438095238095238,-8.95
PM-19135,Peter McVee,4115.662,526.7537000000001,4,36,0.1285714285714286,12.8
SV-20785,Stewart Visinsky,4105.305,485.0271999999998,9,91,0.184,11.81
DM-13345,Denise Monton,4074.4719999999998,1319.0585999999996,8,41,0.1,32.37
FP-14320,Frank Preis,4046.7459999999996,406.4472999999998,8,54,0.13571428571428573,10.04
SP-20920,Susan Pistek,3990.689,14.69239999999985,6,57,0.2714285714285714,0.37
CM-12715,Craig Molinari,3984.4524000000006,176.31079999999972,4,57,0.30923076923076925,4.42
SC-20305,Sean Christensen,3979.065,229.16170000000002,7,64,0.21666666666666667,5.76
SJ-20125,Sanjit Jacobs,3949.656,144.1189,12,104,0.23333333333333336,3.65
LF-17185,Luke Foster,3930.5089999999996,-3583.977000000001,7,69,0.31875000000000003,-91.18
PW-19240,Pierre Wener,3922.415,1290.354,7,39,0.1708333333333333,32.9
GA-14515,George Ashbrook,3919.7760000000003,840.8989999999998,8,48,0.0642857142857143,21.45
KH-16630,Ken Heidel,3918.966,727.3785999999999,9,84,0.10588235294117647,18.56
CC-12220,Chris Cortes,3913.4179999999997,393.9617999999999,12,81,0.11818181818181818,10.07
DB-13555,Dorothy Badders,3908.8028,109.32699999999997,7,61,0.15142857142857144,2.8
NP-18670,Nora Paige,3908.402,514.6001999999999,5,46,0.02,13.17
KC-16540,Kelly Collister,3908.2619999999997,709.4218999999996,4,28,0.2,18.15
FC-14335,Fred Chung,3889.366,714.2925999999999,7,37,0.16,18.37
BS-11380,Bill Stewart,3887.8340000000003,-17.53220000000004,5,58,0.27692307692307694,-0.45
JS-15880,John Stevenson,3868.02,564.9798,5,43,0.14666666666666667,14.61
RA-19885,Ruben Ausman,3832.3140000000003,1292.8656,7,53,0.04000000000000001,33.74
AT-10735,Annie Thurman,3831.8639999999996,974.107,10,60,0.08750000000000001,25.42
OT-18730,Olvera Toch,3818.6240000000003,-925.1203,5,51,0.16,-24.23
RO-19780,Rose O'Brian,3815.478,-1262.5715999999998,7,48,0.2916666666666667,-33.09
MC-17845,Michael Chen,3805.714,698.4173999999998,7,45,0.09999999999999999,18.35
MM-17920,Michael Moore,3794.08,82.1249999999999,11,68,0.18125,2.16
CA-11965,Carol Adams,3789.7228,1143.3817000000001,6,29,0.11200000000000002,30.17
MG-17650,Matthew Grinstein,3785.276,341.89799999999985,7,57,0.1285714285714286,9.03
MD-17350,Maribeth Dona,3766.382,-241.94999999999993,7,64,0.32941176470588235,-6.42
JK-15625,Jim Karlsson,3760.0280000000002,750.9484999999999,7,44,0.11666666666666668,19.97
SC-20260,Scott Cohen,3756.513,679.0073999999998,12,71,0.16136363636363638,18.08
JK-16090,Juliana Krohn,3747.668,586.6624999999998,3,43,0.19999999999999998,15.65
FM-14290,Frank Merwin,3736.198,198.10949999999988,9,79,0.18,5.3
HG-15025,Hunter Glantz,3690.284,804.6112999999999,7,38,0.17272727272727273,21.8
BP-11185,Ben Peterman,3675.8610000000003,363.59909999999985,9,69,0.19444444444444445,9.89
DB-13405,Denny Blanton,3674.684,1221.0182,8,100,0.038461538461538464,33.23
LP-17095,Liz Preis,3653.399,338.44539999999984,7,52,0.18666666666666665,9.26
CS-12400,Christopher Schild,3651.8585000000003,-342.80330000000015,9,47,0.21428571428571427,-9.39
EB-13705,Ed Braxton,3644.978,13.6214999999999,9,55,0.25833333333333336,0.37
JP-15520,Jeremy Pistek,3635.594,757.1801999999999,7,63,0.059375000000000004,20.83
SZ-20035,Sam Zeldin,3625.329,366.43029999999993,11,69,0.22000000000000003,10.11
RH-19495,Rick Hansen,3621.376,563.7876999999999,5,38,0.1,15.57
TB-21175,Thomas Boland,3589.296,829.1635,4,36,0.09090909090909091,23.1
GM-14440,Gary McGarr,3582.82,347.2659999999999,7,43,0.11818181818181818,9.69
DL-13495,Dionis Lloyd,3539.322,-52.78800000000001,8,33,0.05000000000000001,-1.49
ES-14020,Erica Smith,3510.4580000000005,1003.2934999999999,5,31,0.125,28.58
RW-19690,Robert Waldorf,3495.6459999999997,707.5502999999999,5,61,0.07333333333333333,20.24
AG-10675,Anna Gayman,3489.0395999999996,-246.42570000000006,7,54,0.16133333333333333,-7.06
ED-13885,Emily Ducich,3484.92,670.4434999999997,8,54,0.21428571428571427,19.24
PW-19030,Pauline Webber,3454.916,803.8168999999999,10,48,0.038461538461538464,23.27
SF-20200,Sarah Foster,3422.786,286.90460000000013,9,74,0.12666666666666665,8.38
FC-14245,Frank Carlisle,3418.742,1217.1662000000001,7,50,0.1357142857142857,35.6
SH-19975,Sally Hughsby,3406.8395,558.4739999999999,13,113,0.13620689655172413,16.39
SG-20080,Sandra Glassco,3406.581,570.4379999999999,3,30,0.06818181818181818,16.75
TS-21655,Trudy Schmidt,3368.094,220.91629999999992,5,52,0.19285714285714287,6.56
SC-20020,Sam Craven,3362.9636,-317.0508000000001,5,62,0.21882352941176472,-9.43
VP-21760,Victoria Pisteka,3360.526,-1018.7768,7,65,0.17142857142857143,-30.32
DJ-13630,Doug Jacobs,3356.398,731.5643999999999,3,43,0.0625,21.8
BP-11095,Bart Pistole,3350.874,702.9641999999999,14,85,0.1375,20.98
DV-13465,Dianna Vittorini,3341.5870000000004,353.21269999999987,6,62,0.11333333333333333,10.57
SF-20965,Sylvia Foulston,3336.5350000000003,539.9352,9,66,0.27058823529411763,16.18
DC-12850,Dan Campbell,3336.168,-1441.6312999999998,9,64,0.21111111111111114,-43.21
BD-11605,Brian Dahlen,3332.871,655.7102999999998,9,84,0.06590909090909092,19.67
AP-10915,Arthur Prichep,3323.556,579.3112999999998,10,102,0.0935483870967742,17.43
DK-13375,Dennis Kane,3318.486,377.07989999999995,8,77,0.10869565217391304,11.36
KH-16330,Katharine Harms,3312.864,454.78709999999984,8,70,0.1388888888888889,13.73
RF-19345,Randy Ferguson,3309.15,633.7071999999998,8,67,0.13749999999999998,19.15
RR-19525,Rick Reed,3302.262,721.6825999999999,6,36,0.06000000000000001,21.85
BS-11665,Brian Stugart,3288.1100000000006,238.7367999999999,3,47,0.18181818181818182,7.26
RW-19630,Rob Williams,3279.746,698.8324999999999,9,53,0.1375,21.31
DL-12925,Daniel Lacy,3272.2,4.2132000000000005,6,43,0.03571428571428571,0.13
DK-12835,Damala Kotsonis,3256.48,881.1228,12,86,0.17777777777777778,27.06
AS-10090,Adam Shillingsburg,3255.3100000000004,64.53739999999996,9,81,0.18,1.98
JO-15145,Jack O'Briant,3254.949,581.4045,9,59,0.07307692307692308,17.86
AH-10075,Adam Hart,3250.337,281.1889999999999,10,75,0.135,8.65
HG-14965,Henry Goldwyn,3247.642,-2797.9635000000007,12,68,0.17058823529411768,-86.15
LC-16960,Lindsay Castell,3246.6259999999997,299.4802000000001,4,30,0.2857142857142857,9.22
EB-13750,Edward Becker,3236.314,-80.28599999999999,10,91,0.145,-2.48
SR-20425,Sharelle Roach,3233.4810000000007,-3333.914400000001,5,34,0.36666666666666664,-103.11
LW-16990,Lindsay Williams,3230.308,662.8339,6,38,0.10909090909090911,20.52
RS-19420,Ricardo Sperren,3221.29,633.4514,5,29,0.0,19.66
AS-10285,Alejandro Savely,3214.236,354.6276,6,39,0.225,11.03
MP-17470,Mark Packer,3206.132,600.2872999999998,7,77,0.12142857142857144,18.72
CS-12355,Christine Sundaresam,3202.1620000000003,831.9431999999999,11,74,0.08181818181818182,25.98
BT-11680,Brian Thompson,3196.752,447.74839999999983,7,88,0.07,14.01
DG-13300,Deirdre Greer,3195.818,562.7761,5,39,0.1,17.61
JL-15505,Jeremy Lonsdale,3173.874,591.7163,6,56,0.07058823529411766,18.64
GM-14680,Greg Matthias,3163.628,35.48649999999998,6,31,0.14545454545454548,1.12
JM-15250,Janet Martin,3159.122,19.823499999999918,6,91,0.2894736842105263,0.63
CK-12205,Chloris Kastensmidt,3154.855,141.28309999999996,13,122,0.234375,4.48
KB-16240,Karen Bern,3152.6150000000002,763.9075999999998,7,34,0.15,24.23
MS-17770,Maxwell Schwartz,3144.678,280.85839999999996,9,73,0.09999999999999999,8.93
EH-14125,Eugene Hildebrand,3143.483,117.81019999999994,14,84,0.16818181818181818,3.75
RD-19900,Ruben Dartt,3133.924,455.52919999999983,9,85,0.05714285714285715,14.54
TN-21040,Tanja Norvell,3130.221,-692.0451999999999,7,48,0.19999999999999998,-22.11
SN-20710,Steve Nguyen,3127.9592,481.7498999999999,7,89,0.1168421052631579,15.4
SG-20605,Speros Goranitis,3124.8320000000003,463.26899999999995,6,49,0.09230769230769233,14.83
KH-16360,Katherine Hughes,3100.612,528.2051,6,40,0.15,17.04
PG-18820,Patrick Gardner,3086.907,137.46129999999985,13,83,0.16923076923076924,4.45
GM-14455,Gary Mitchum,3078.6240000000003,793.2813999999998,6,54,0.16666666666666666,25.77
EB-14110,Eugene Barchas,3071.1259999999997,184.76559999999998,6,30,0.2090909090909091,6.02
MG-18145,Mike Gockenbach,3061.5429999999997,-93.60300000000008,4,42,0.1875,-3.06
TG-21310,Toby Gnade,3058.372,682.1704,5,30,0.2111111111111111,22.31
KT-16465,Kean Takahito,3057.1,254.00319999999982,7,45,0.2285714285714286,8.31
SS-20410,Shahid Shariari,3056.807,-1010.9738000000004,6,46,0.25833333333333336,-33.07
SL-20155,Sara Luxemburg,3053.012,527.9715,7,30,0.17777777777777778,17.29
AS-10045,Aaron Smayling,3050.692,-253.57460000000026,7,48,0.355,-8.31
CA-12775,Cynthia Arntzen,3041.566,204.48949999999996,7,72,0.18823529411764706,6.72
CS-11950,Carlos Soltero,3036.547,-126.4223000000001,11,68,0.2636363636363636,-4.16
LS-16975,Lindsay Shagiari,2988.6740000000004,262.6366999999999,9,63,0.2818181818181818,8.79
MH-18025,Michelle Huthwaite,2984.948,476.90320000000014,5,31,0.13,15.98
FA-14230,Frank Atkinson,2984.054,520.5229,7,58,0.25882352941176473,17.44
DB-13120,David Bremer,2973.094,-1421.7692000000002,7,59,0.14285714285714285,-47.82
NS-18640,Noel Staavos,2964.823,-234.77140000000009,13,113,0.2153846153846154,-7.92
TM-21010,Tamara Manning,2955.226,573.3013,8,67,0.05263157894736842,19.4
CK-12325,Christine Kargatis,2945.321,261.22089999999986,5,46,0.18333333333333335,8.87
TH-21115,Thea Hudgings,2942.772,-252.5539,4,29,0.23333333333333334,-8.58
LT-17110,Liz Thompson,2936.2520000000004,320.9729999999999,8,63,0.24642857142857144,10.93
BC-11125,Becky Castell,2933.6760000000004,251.59740000000002,9,60,0.1111111111111111,8.58
JK-16120,Julie Kriz,2932.484,122.65659999999997,10,49,0.20588235294117646,4.18
SW-20455,Shaun Weien,2921.544,793.6547999999999,7,18,0.1111111111111111,27.17
ML-17410,Maris LaWare,2921.5,-76.17549999999997,6,51,0.16666666666666666,-2.61
RD-19585,Rob Dowd,2912.8940000000002,734.5158,10,73,0.03157894736842106,25.22
CY-12745,Craig Yedwab,2900.0260000000003,60.64669999999981,8,43,0.2,2.09
ND-18460,Neil Ducich,2893.455,443.33679999999987,6,36,0.0875,15.32
MT-17815,Meg Tillman,2890.1389999999997,509.00680000000017,6,31,0.13,17.61
BF-11020,Barry Französisch,2888.506,302.02,8,78,0.2571428571428572,10.46
DS-13180,David Smith,2881.8127999999997,163.6993,9,68,0.15350000000000003,5.68
PV-18985,Paul Van Hugh,2876.0460000000003,434.5284000000001,5,52,0.08461538461538462,15.11
IM-15055,Ionia McGrath,2872.6300000000006,975.7700999999998,3,19,0.1,33.97
CC-12685,Craig Carroll,2854.115,850.1591000000001,4,51,0.25,29.79
AW-10930,Arthur Wiediger,2852.9680000000003,-104.54860000000016,7,68,0.30625,-3.66
EA-14035,Erin Ashbrook,2846.705,-52.74060000000008,13,87,0.3,-1.85
LS-16945,Linda Southworth,2845.2700000000004,-318.7737000000002,6,51,0.3071428571428571,-11.2
DB-12970,Darren Budd,2839.2272000000003,213.00289999999984,5,43,0.16571428571428573,7.5
JM-16195,Justin MacKendrick,2833.926,754.1143999999998,10,74,0.06315789473684212,26.61
CV-12295,Christina VanderZanden,2830.628,493.0861,5,54,0.07692307692307693,17.42
TS-21610,Troy Staebel,2820.424,-294.6981000000002,7,44,0.3727272727272727,-10.45
GH-14410,Gary Hansen,2819.467,-576.8335000000001,9,65,0.27058823529411763,-20.46
BG-11035,Barry Gonzalez,2798.948,-711.4274,8,35,0.19166666666666665,-25.42
TB-21625,Trudy Brown,2797.6679999999997,379.8819999999997,9,60,0.14,13.58
RD-19660,Robert Dilbeck,2786.632,835.7719999999999,5,23,0.08,29.99
JC-15775,John Castell,2772.0550000000003,279.5692,9,64,0.12187500000000001,10.09
PF-19165,Philip Fox,2770.0,196.8738999999998,6,34,0.05,7.11
EB-13870,Emily Burns,2767.219,261.53149999999994,10,41,0.29090909090909095,9.45
CS-12250,Chris Selesnick,2754.216,738.3625999999999,12,97,0.05714285714285715,26.81
MM-18055,Michelle Moray,2749.881,-520.3443000000001,8,73,0.21052631578947367,-18.92
KB-16585,Ken Black,2744.742,579.3551,12,102,0.10869565217391304,21.11
LL-16840,Lauren Leatherbury,2741.2039999999997,560.0077999999999,6,50,0.016666666666666666,20.43
FM-14380,Fred McMath,2731.996,218.0138,11,63,0.18333333333333335,7.98
MC-17275,Marc Crier,2725.982,461.00139999999976,8,54,0.13076923076923078,16.91
JL-15850,John Lucas,2725.2560000000003,779.9046,6,38,0.23636363636363636,28.62
ML-17395,Marina Lichtenstein,2722.843,684.9162,9,72,0.17250000000000001,25.15
AG-10270,Alejandro Grove,2720.386,792.4822999999999,9,78,0.022222222222222223,29.13
JK-15370,Jay Kimmel,2709.632,330.28379999999987,8,72,0.12352941176470589,12.19
JE-16165,Justin Ellison,2697.248,789.6475999999999,3,34,0.028571428571428574,29.28
BT-11530,Bradley Talbott,2684.492,409.4983,5,44,0.1,15.25
BO-11350,Bill Overfelt,2682.728,278.777,5,43,0.2333333333333333,10.39
FO-14305,Frank Olsen,2678.438,215.59689999999978,10,60,0.22000000000000003,8.05
NH-18610,Nicole Hansen,2673.29,760.1665999999998,7,52,0.05454545454545456,28.44
RB-19435,Richard Bierner,2663.0860000000002,477.2398999999999,8,66,0.1625,17.92
EJ-14155,Eva Jacobs,2656.691,451.8754999999999,5,31,0.0625,17.01
DK-13090,Dave Kipp,2650.557,536.3934999999999,7,33,0.13846153846153844,20.24
CA-12265,Christina Anderson,2648.2871999999998,279.61830000000003,9,65,0.18941176470588236,10.56
LC-17140,Logan Currie,2633.582,231.12519999999998,9,62,0.18421052631578946,8.78
RA-19285,Ralph Arnett,2617.906,546.0881999999999,9,58,0.1647058823529412,20.86
KN-16390,Katherine Nockton,2617.272,-151.15179999999992,9,56,0.21764705882352942,-5.78
SO-20335,Sean O'Donnell,2602.5755,-81.08580000000005,6,52,0.1366666666666667,-3.12
SU-20665,Stephanie Ulpright,2595.364,763.4719,7,61,0.13333333333333333,29.42
HA-14920,Helen Andreada,2584.158,99.14449999999988,8,72,0.2,3.84
LC-16870,Lena Cacioppo,2580.704,-188.25110000000006,8,113,0.24000000000000002,-7.29
SC-20695,Steve Chapman,2576.408,611.8290999999999,10,66,0.15714285714285717,23.75
NS-18505,Neola Schneider,2575.863,-12.303999999999998,4,52,0.20666666666666667,-0.48
BT-11305,Beth Thompson,2567.656,417.59180000000003,5,33,0.044444444444444446,16.26
EM-13810,Eleni McCrary,2567.01,-133.8275000000003,5,23,0.14285714285714285,-5.21
MZ-17515,Mary Zewe,2564.906,787.7503,6,39,0.27999999999999997,30.71
BS-11755,Bruce Stewart,2562.382,-113.29840000000004,7,45,0.13214285714285715,-4.42
DE-13255,Deanra Eno,2550.874,464.47140000000013,5,38,0.1111111111111111,18.21
CC-12610,Corey Catlett,2540.631,331.43399999999986,7,39,0.27499999999999997,13.05
AC-10615,Ann Chong,2537.686,298.82730000000004,5,59,0.1111111111111111,11.78
CM-12160,Charles McCrossin,2533.314,-394.3686000000003,6,23,0.24285714285714285,-15.57
HF-14995,Herbert Flentye,2533.164,-13.876800000000078,7,70,0.13157894736842105,-0.55
GZ-14545,George Zrebassa,2529.1099999999997,860.6918000000001,8,38,0.044444444444444446,34.03
JB-16045,Julia Barnett,2518.115,201.51849999999996,5,32,0.18888888888888888,8.0
JS-16030,Joy Smith,2516.4939999999997,-311.2575,6,70,0.18333333333333332,-12.37
XP-21865,Xylona Preis,2503.156,675.9584,13,121,0.04411764705882353,27.0
DJ-13510,Don Jones,2501.688,345.2520999999999,8,52,0.06923076923076923,13.8
AH-10465,Amy Hunt,2495.3916,-196.12010000000024,5,35,0.14,-7.86
PO-18865,Patrick O'Donnell,2493.214,437.8533,7,54,0.04615384615384616,17.56
NZ-18565,Nick Zandusky,2488.3100000000004,402.4236,9,77,0.175,16.17
MN-17935,Michael Nguyen,2477.946,290.82270000000005,6,36,0.26,11.74
BP-11290,Beth Paige,2475.157,-319.0637000000001,7,51,0.3,-12.89
CC-12145,Charles Crestani,2471.65,392.28249999999974,7,31,0.08181818181818182,15.87
NC-18340,Nat Carroll,2461.404,580.3074999999999,5,54,0.0411764705882353,23.58
FM-14215,Filia McAdams,2456.638,249.68080000000006,10,48,0.09333333333333334,10.16
MH-17455,Mark Hamilton,2456.1820000000002,484.77329999999995,8,45,0.16363636363636364,19.74
BS-11590,Brendan Sweed,2454.928,381.7807,6,41,0.3,15.55
VM-21685,Valerie Mitchum,2454.866,513.5269,7,37,0.10000000000000002,20.92
MA-17995,Michelle Arnett,2453.284,280.7822,6,42,0.041666666666666664,11.45
MC-17590,Matt Collister,2426.0669999999996,288.9841000000001,6,47,0.17058823529411765,11.91
TH-21100,Thea Hendricks,2422.824,-135.21250000000018,5,29,0.17142857142857146,-5.58
MH-17290,Marc Harrigan,2394.0249999999996,28.761199999999977,6,55,0.18846153846153849,1.2
DF-13135,David Flashing,2390.534,-259.30969999999996,3,23,0.2833333333333333,-10.85
CK-12595,Clytie Kelty,2372.75,497.7097999999999,11,108,0.184,20.98
JF-15415,Jennifer Ferguson,2371.4480000000003,635.6375999999999,6,69,0.07142857142857142,26.8
CV-12805,Cynthia Voltz,2370.3136,98.99749999999982,9,62,0.2431578947368421,4.18
NR-18550,Nick Radford,2367.277,-25.14880000000005,5,37,0.22307692307692306,-1.06
JG-15115,Jack Garza,2358.676,684.1911,3,20,0.24285714285714285,29.01
AG-10495,Andrew Gjertsen,2356.855,295.6668000000001,8,93,0.20476190476190476,12.54
CL-12700,Craig Leslie,2353.5860000000002,229.0098999999998,5,34,0.1875,9.73
MG-17680,Maureen Gastineau,2350.188,25.88859999999999,4,25,0.225,1.1
RF-19735,Roland Fjeld,2341.2960000000003,711.6168,7,53,0.014285714285714287,30.39
EM-13825,Elizabeth Moffitt,2339.598,682.5542,8,57,0.0625,29.17
DB-13210,Dean Braden,2332.5769999999998,169.9679,10,75,0.18571428571428572,7.29
CM-12235,Chris McAfee,2305.7120000000004,365.0387,5,28,0.07500000000000001,15.83
MK-17905,Michael Kennedy,2302.368,-405.35589999999996,8,73,0.3,-17.61
LH-16900,Lena Hernandez,2295.332,526.0726999999999,9,64,0.12666666666666665,22.92
KN-16705,Kristina Nunn,2280.58,329.7625,8,55,0.12000000000000001,14.46
JF-15190,Jamie Frazer,2279.5860000000002,575.1259,7,72,0.12105263157894736,25.23
FH-14350,Fred Harton,2271.284,706.289,4,52,0.10714285714285714,31.1
CC-12670,Craig Carreira,2269.7015,187.83989999999986,7,47,0.16785714285714287,8.28
BE-11410,Bobby Elias,2261.438,755.9150999999997,5,19,0.16,33.43
KM-16225,Kalyca Meade,2260.958,635.1057,6,72,0.021052631578947368,28.09
MC-17605,Matt Connell,2258.192,195.44859999999989,8,60,0.2222222222222222,8.66
JH-16180,Justin Hirsh,2256.394,-96.95299999999999,4,28,0.22000000000000003,-4.3
MY-17380,Maribeth Yedwab,2254.2850000000003,319.12109999999996,7,49,0.3076923076923077,14.16
KD-16615,Ken Dana,2243.51,539.7219,5,56,0.1076923076923077,24.06
TS-21505,Tony Sayre,2243.274,11.377900000000025,6,54,0.19285714285714287,0.51
JG-15310,Jason Gross,2240.58,3.7975999999999317,6,46,0.2545454545454545,0.17
LW-16825,Laurel Workman,2238.061,32.57669999999984,5,50,0.20666666666666667,1.46
AR-10405,Allen Rosenblatt,2236.1279999999997,-98.76459999999983,5,29,0.09999999999999999,-4.42
TZ-21580,Tracy Zic,2234.9500000000003,349.4514999999999,8,69,0.052941176470588235,15.64
NC-18415,Nathan Cano,2218.99,-2204.8072,6,38,0.2642857142857143,-99.36
MC-18100,Mick Crebagga,2218.98,-64.16680000000007,10,73,0.26842105263157895,-2.89
DP-13105,Dave Poirier,2215.002,563.1761,8,63,0.1142857142857143,25.43
PF-19225,Phillip Flathmann,2206.128,591.3118000000001,5,32,0.06000000000000001,26.8
MH-17785,Maya Herman,2203.7780000000002,238.56140000000008,7,42,0.07272727272727274,10.83
JL-15235,Janet Lee,2203.7000000000003,54.517399999999846,5,39,0.22000000000000003,2.47
JR-16210,Justin Ritter,2201.686,452.3729999999999,5,41,0.21999999999999997,20.55
EN-13780,Edward Nazzal,2199.366,496.1130999999999,4,27,0.044444444444444446,22.56
TB-21280,Toby Braunhardt,2198.45,490.9566999999999,6,35,0.1,22.33
GW-14605,Giulietta Weimer,2189.0190000000002,-268.54230000000007,7,43,0.15555555555555556,-12.27
BT-11395,Bill Tyler,2186.613,257.91629999999986,6,38,0.15,11.8
PS-18760,Pamela Stobb,2181.4790000000003,-134.44099999999995,6,75,0.22380952380952382,-6.16
SH-20395,Shahid Hopkins,2180.718,-144.5229000000002,10,45,0.23333333333333334,-6.63
KN-16450,Kean Nguyen,2171.962,114.3082999999999,5,49,0.28125,5.26
DB-12910,Daniel Byrd,2171.599,431.3747999999999,8,47,0.15416666666666665,19.86
RP-19855,Roy Phan,2170.716,594.5867999999999,8,61,0.13333333333333333,27.39
TS-21160,Theresa Swint,2163.624,260.8744,6,60,0.22352941176470587,12.06
HA-14905,Helen Abelman,2163.3,270.85740000000004,7,45,0.22999999999999998,12.52
EJ-13720,Ed Jacobs,2162.174,387.0176,4,31,0.175,17.9
NM-18520,Neoma Murray,2161.979,788.9524999999999,10,60,0.26,36.49
JD-15790,John Dryer,2152.3520000000003,-266.55250000000007,5,26,0.17142857142857146,-12.38
CR-12580,Clay Rozendal,2148.852,74.40130000000002,4,32,0.13333333333333333,3.46
DN-13690,Duane Noonan,2139.79,540.5405,7,41,0.018181818181818184,25.26
FG-14260,Frank Gastineau,2124.784,692.4281,11,70,0.11176470588235293,32.59
KC-16255,Karen Carlisle,2120.9539999999997,846.1217,6,40,0.02,39.89
SH-20635,Stefanie Holloman,2096.3920000000003,260.6258000000001,2,16,0.2,12.43
LC-17050,Liz Carlisle,2095.064,86.77799999999999,5,43,0.27222222222222225,4.14
RH-19600,Rob Haberlin,2085.74,172.62609999999984,3,43,0.10909090909090909,8.28
TG-21640,Trudy Glocke,2074.661,365.7205000000001,4,50,0.13,17.63
ML-17755,Max Ludwig,2071.9139999999998,409.5111999999998,7,53,0.1076923076923077,19.76
JM-15535,Jessica Myrick,2070.063,394.62549999999993,9,54,0.10833333333333334,19.06
RB-19705,Roger Barcio,2067.45,243.07549999999986,4,22,0.15714285714285717,11.76
TS-21430,Tom Stivers,2054.14,48.701699999999974,5,31,0.15714285714285717,2.37
AF-10870,Art Ferguson,2052.908,317.9712,7,51,0.2,15.49
DO-13645,Doug O'Connell,2043.296,658.7828999999999,9,38,0.07692307692307693,32.24
CD-11920,Carlos Daly,2033.968,426.66100000000006,5,35,0.044444444444444446,20.98
DJ-13420,Denny Joy,2012.52,483.03499999999997,4,20,0.0,24.0
VB-21745,Victoria Brennan,2005.596,371.23979999999995,6,37,0.17,18.51
HP-14815,Harold Pawlan,1990.3139999999999,373.8636999999999,7,44,0.3,18.78
DB-13615,Doug Bickford,1989.0500000000002,438.8012,7,41,0.14545454545454548,22.06
PG-18895,Paul Gonzalez,1987.164,334.51629999999994,9,61,0.09411764705882353,16.83
NB-18655,Nona Balk,1972.599,117.64289999999988,9,64,0.1735294117647059,5.96
SW-20275,Scott Williamson,1966.6499999999999,332.8725,6,28,0.028571428571428574,16.93
LD-17005,Lisa DeCherney,1961.934,557.1714,4,25,0.028571428571428574,28.4
CB-12415,Christy Brittain,1949.2,272.3883,8,44,0.3333333333333333,13.97
TP-21565,Tracy Poddar,1936.6400000000003,139.2286999999999,4,48,0.24,7.19
JO-15280,Jas O'Carroll,1934.272,202.13619999999997,6,36,0.17272727272727273,10.45
JF-15355,Jay Fein,1911.844,330.199,6,58,0.07500000000000001,17.27
ME-17725,Max Engle,1908.4532,77.81280000000002,8,46,0.2246153846153846,4.08
SV-20935,Susan Vittorini,1903.491,106.89120000000003,8,66,0.23076923076923078,5.62
KD-16345,Katherine Ducich,1888.964,328.59419999999994,6,36,0.13,17.4
GD-14590,Giulietta Dortch,1888.07,230.93729999999994,4,25,0.13333333333333333,12.23
SG-20470,Sheri Gordon,1884.7979999999998,-119.01049999999998,8,62,0.14999999999999997,-6.31
LR-17035,Lisa Ryan,1879.306,-382.80790000000025,5,44,0.27499999999999997,-20.37
SC-20440,Shaun Chance,1874.998,379.56109999999984,7,44,0.27999999999999997,20.24
BG-11695,Brooke Gillingham,1874.1719999999998,107.5714999999998,6,24,0.1375,5.74
SP-20650,Stephanie Phelps,1872.436,268.4781999999999,9,71,0.15333333333333335,14.34
NG-18355,Nat Gilpin,1869.58,313.6334999999999,5,45,0.08750000000000001,16.78
CD-12790,Cynthia Delaney,1860.732,403.8421999999999,5,49,0.02666666666666667,21.7
SN-20560,Skye Norling,1860.4179999999997,-716.8565000000001,6,67,0.1733333333333333,-38.53
PR-18880,Patrick Ryan,1840.178,247.6225999999999,5,43,0.11666666666666668,13.46
AJ-10945,Ashley Jarboe,1839.24,521.1351999999999,7,40,0.04,28.33
PC-18745,Pamela Coakley,1832.064,272.6849999999999,4,22,0.22000000000000003,14.88
EG-13900,Emily Grady,1832.02,104.26559999999992,5,44,0.2,5.69
JB-15400,Jennifer Braxton,1830.4850000000001,174.71439999999984,12,49,0.18333333333333335,9.54
PJ-19015,Pauline Johnson,1824.234,682.9979000000001,7,25,0.08,37.44
NC-18625,Noah Childs,1821.7420000000002,-359.0210000000001,5,29,0.24444444444444446,-19.71
JM-15265,Janet Molinari,1804.146,502.61429999999996,5,52,0.13846153846153847,27.86
AA-10480,Andrew Allen,1790.512,435.82739999999995,4,36,0.016666666666666666,24.34
CC-12100,Chad Cunningham,1770.9450000000002,208.5911999999999,6,46,0.21538461538461537,11.78
DS-13030,Darrin Sayre,1762.213,193.33190000000002,4,54,0.1394736842105263,10.97
MF-18250,Monica Federle,1758.3,456.8607999999999,5,38,0.06666666666666667,25.98
AH-10030,Aaron Hawkins,1744.7,365.2151999999999,7,54,0.09090909090909091,20.93
LH-17155,Logan Haushalter,1739.689,316.52019999999993,9,44,0.07894736842105263,18.19
BW-11200,Ben Wallace,1738.4060000000002,246.9973,6,49,0.15,14.21
VT-21700,Valerie Takahito,1736.596,-224.08890000000008,2,42,0.3333333333333333,-12.9
AH-10120,Adrian Hane,1735.5140000000001,-2.314600000000052,7,65,0.23750000000000002,-0.13
MV-18190,Mike Vittorini,1734.5739999999998,273.8582,7,37,0.08636363636363636,15.79
BE-11455,Brad Eason,1727.652,139.2007999999999,6,40,0.14615384615384616,8.06
JP-16135,Julie Prescott,1707.71,309.7116,9,47,0.15384615384615385,18.14
BP-11155,Becky Pak,1697.861,647.3847000000001,6,32,0.0818181818181818,38.13
DK-12985,Darren Koutras,1687.04,-107.35379999999995,5,32,0.1625,-6.36
MO-17800,Meg O'Connel,1687.027,169.34369999999996,8,49,0.16363636363636364,10.04
RA-19945,Ryan Akin,1686.9225000000001,-445.6949999999999,5,27,0.31666666666666665,-26.42
KE-16420,Katrina Edelman,1686.7312,397.87989999999996,8,67,0.21466666666666667,23.59
CA-12055,Cathy Armstrong,1679.7240000000002,211.25589999999994,5,49,0.3,12.58
CM-11815,Candace McMahon,1673.8880000000001,214.46299999999997,6,38,0.12000000000000002,12.81
JP-15460,Jennifer Patt,1669.135,429.7465000000001,7,54,0.14,25.75
CM-12115,Chad McGuire,1661.6100000000001,409.0679,4,35,0.028571428571428574,24.62
CC-12475,Cindy Chapman,1659.438,154.85099999999989,9,40,0.16153846153846155,9.33
EB-13975,Erica Bern,1643.255,162.87809999999993,4,18,0.2833333333333333,9.91
AP-10720,Anne Pryor,1638.554,285.7887999999999,8,85,0.1631578947368421,17.44
AZ-10750,Annie Zypern,1622.018,154.95029999999997,6,40,0.125,9.55
MS-17710,Maurice Satty,1613.402,247.43479999999997,6,48,0.22,15.34
TB-21250,Tim Brockman,1602.376,260.61549999999994,7,74,0.2473684210526316,16.26
CR-12730,Craig Reiter,1600.55,306.9175999999999,4,18,0.26666666666666666,19.18
AH-10195,Alan Haines,1587.4520000000002,-378.55089999999984,4,28,0.35,-23.85
BF-11215,Benjamin Farhat,1585.162,523.2133,4,48,0.05,33.01
CK-12760,Cyma Kinney,1582.109,-338.43110000000013,9,64,0.15,-21.39
MC-18130,Mike Caudle,1581.998,121.75650000000007,5,34,0.05454545454545456,7.7
JL-15175,James Lanier,1571.5230000000001,209.28169999999983,5,29,0.21428571428571427,13.32
KB-16315,Karl Braun,1569.464,49.719299999999905,9,62,0.19545454545454544,3.17
GB-14530,George Bell,1568.44,7.837099999999971,11,62,0.16999999999999998,0.5
ON-18715,Odella Nelson,1567.52,-5.889000000000095,9,58,0.16000000000000003,-0.38
MV-17485,Mark Van Huff,1560.05,189.02579999999992,9,52,0.24000000000000002,12.12
MB-17305,Maria Bertelson,1548.702,212.42499999999998,10,63,0.1736842105263158,13.72
BD-11620,Brian DeCherney,1538.1100000000001,206.75689999999997,6,27,0.17500000000000002,13.44
CH-12070,Cathy Hwang,1537.236,195.15109999999981,3,13,0.15000000000000002,12.69
BD-11725,Bruce Degenhardt,1526.5,333.9791,6,29,0.02,21.88
BV-11245,Benjamin Venier,1523.273,315.2214,5,49,0.09285714285714286,20.69
KA-16525,Kelly Andreada,1519.5059999999999,234.91939999999997,7,57,0.05454545454545456,15.46
AB-10600,Ann Blume,1515.862,-274.96040000000016,4,38,0.375,-18.14
JG-15805,John Grady,1507.018,206.10190000000003,6,46,0.06666666666666668,13.68
DL-12865,Dan Lawera,1503.112,322.2448999999999,8,51,0.15,21.44
ZD-21925,Zuschuss Donatelli,1493.9440000000002,249.13069999999993,5,32,0.1111111111111111,16.68
CM-12190,Charlotte Melton,1475.144,91.20330000000001,6,21,0.07142857142857142,6.18
LE-16810,Laurel Elliston,1469.45,161.7649,6,32,0.2555555555555556,11.01
TB-21055,Ted Butterfield,1467.881,390.2113,5,66,0.05555555555555555,26.58
PN-18775,Parhena Norris,1467.152,192.03959999999998,8,47,0.12307692307692308,13.09
RK-19300,Ralph Kennedy,1460.192,269.688,3,29,0.07500000000000001,18.47
BN-11515,Bradley Nguyen,1459.344,340.7054,5,79,0.023529411764705882,23.35
DL-13315,Delfina Latchford,1458.258,288.8732,8,74,0.1823529411764706,19.81
PB-19150,Philip Brown,1456.95,280.66059999999993,8,54,0.1272727272727273,19.26
AG-10525,Andy Gerbode,1455.038,-152.76130000000003,4,33,0.15555555555555556,-10.5
RM-19375,Raymond Messe,1453.474,392.14989999999995,6,29,0.044444444444444446,26.98
PK-18910,Paul Knutson,1441.1520000000005,-798.7050000000003,2,14,0.3666666666666667,-55.42
TD-20995,Tamara Dahlen,1434.548,88.1897,9,67,0.24375000000000002,6.15
JW-16075,Julia West,1428.731,154.06369999999993,4,38,0.32857142857142857,10.78
MB-18085,Mick Brown,1428.2310000000002,117.80569999999996,7,39,0.2,8.25
TT-21220,Thomas Thornton,1427.044,278.73709999999994,8,55,0.21333333333333335,19.53
CA-12310,Christine Abelman,1421.954,246.02179999999998,4,25,0.11818181818181818,17.3
RD-19720,Roger Demir,1419.737,207.3304,10,78,0.1575,14.6
NL-18310,Nancy Lomonaco,1418.0900000000001,343.63809999999995,4,44,0.06000000000000001,24.23
JS-15595,Jill Stevenson,1417.654,-175.54899999999998,4,35,0.3125,-12.38
PM-18940,Paul MacIntyre,1405.402,157.87679999999992,3,16,0.15,11.23
GA-14725,Guy Armstrong,1398.382,136.7079,11,79,0.17954545454545456,9.78
CR-12820,Cyra Reiten,1397.8724,83.27029999999996,3,26,0.13142857142857142,5.96
NG-18430,Nathan Gelder,1395.938,217.08929999999998,5,41,0.1111111111111111,15.55
JE-15475,Jeremy Ellison,1388.682,276.21969999999993,6,49,0.1846153846153846,19.89
TB-21595,Troy Blackwell,1387.559,-136.40909999999997,5,29,0.2714285714285714,-9.83
DM-13525,Don Miller,1376.792,199.76880000000003,3,33,0.16999999999999998,14.51
GH-14485,Gene Hale,1361.2440000000004,-95.44980000000012,2,15,0.4666666666666666,-7.01
SB-20170,Sarah Bern,1348.02,157.66579999999993,3,24,0.18571428571428572,11.7
LM-17065,Liz MacKendrick,1346.7740000000001,-44.878,5,32,0.05714285714285715,-3.33
MG-17695,Maureen Gnade,1342.2820000000002,-398.7932000000001,3,23,0.2571428571428572,-29.71
SJ-20215,Sarah Jordon,1341.036,-23.51370000000003,6,35,0.37,-1.75
BM-11785,Bryan Mills,1338.842,137.74389999999994,10,44,0.25,10.29
BF-11005,Barry Franz,1333.88,-291.3811000000001,4,26,0.18,-21.84
SS-20140,Saphhira Shifley,1324.028,332.34869999999995,8,86,0.11428571428571428,25.1
DM-12955,Dario Medina,1322.034,108.75829999999999,7,28,0.16666666666666666,8.23
MT-18070,Michelle Tran,1319.4497999999999,-23.67630000000001,4,44,0.24272727272727276,-1.79
SJ-20500,Shirley Jackson,1318.7759999999998,68.0962999999999,5,30,0.14285714285714285,5.16
MM-17260,Magdelene Morse,1314.0230000000001,178.40199999999987,4,17,0.13333333333333333,13.58
SP-20545,Sibella Parks,1306.086,-118.77570000000009,6,43,0.26,-9.09
MC-17575,Matt Collins,1303.893,210.74929999999992,8,40,0.29090909090909095,16.16
EK-13795,Eileen Kiefer,1303.4779999999998,97.10660000000001,4,18,0.0875,7.45
Co-12640,Corey-Lock,1300.076,205.6282,5,30,0.175,15.82
DO-13435,Denny Ordway,1300.0315,-38.9086,9,48,0.15769230769230771,-2.99
HR-14770,Hallie Redmond,1299.288,185.5794,5,38,0.04615384615384616,14.28
GR-14560,Georgia Rosenberg,1284.3799999999999,359.83320000000003,2,23,0.0,28.02
CS-11845,Cari Sayre,1278.9540000000002,185.37759999999986,5,22,0.275,14.49
PS-18970,Paul Stevenson,1278.639,198.50989999999996,8,52,0.05384615384615384,15.53
SV-20815,Stuart Van,1271.0900000000001,199.6501999999999,4,24,0.19999999999999998,15.71
CL-11890,Carl Ludwig,1262.0140000000001,328.0847,4,24,0.05714285714285715,26.0
LW-17125,Liz Willingham,1259.0400000000002,192.63119999999998,3,15,0.0,15.3
ME-18010,Michelle Ellison,1256.9440000000002,107.36039999999998,4,15,0.16666666666666666,8.54
GM-14500,Gene McClure,1255.682,441.3184999999999,10,53,0.11538461538461539,35.15
SC-20680,Steve Carroll,1254.64,370.1578,6,26,0.0,29.5
MH-17620,Matt Hagelstein,1252.8000000000002,122.36120000000005,4,19,0.2333333333333333,9.77
ER-13855,Elpida Rittenbach,1245.788,-295.7398000000002,3,27,0.2,-23.74
TC-21475,Tony Chapman,1244.976,119.10399999999997,9,45,0.26363636363636367,9.57
JW-15955,Joni Wasserman,1244.086,-29.575899999999997,7,41,0.08181818181818182,-2.38
MG-17875,Michael Grace,1242.833,-470.76840000000027,5,23,0.24285714285714285,-37.88
NP-18685,Nora Pelletier,1228.698,514.5016999999999,6,23,0.1857142857142857,41.87
PJ-18835,Patrick Jones,1220.0900000000001,442.13550000000004,8,46,0.07692307692307693,36.24
EH-14005,Erica Hernandez,1219.53,-94.14079999999996,7,50,0.17272727272727273,-7.72
AB-10165,Alan Barnes,1215.022,262.7301,10,54,0.13125,21.62
JL-15130,Jack Lebron,1214.956,-207.7956,6,42,0.26666666666666666,-17.1
CD-12280,Christina DeMoss,1205.584,233.0274,2,39,0.08461538461538462,19.33
MD-17860,Michael Dominguez,1204.9099999999999,-4.040300000000048,5,45,0.2875,-0.34
DW-13585,Dorothy Wardle,1204.854,-266.89660000000003,7,44,0.17,-22.15
EB-14170,Evan Bailliet,1186.326,282.1701,6,20,0.2285714285714286,23.79
BP-11230,Benjamin Patterson,1181.49,-197.26950000000002,5,14,0.06666666666666667,-16.7
DC-13285,Debra Catini,1174.618,132.06820000000002,5,37,0.07857142857142858,11.24
AT-10435,Alyssa Tate,1171.814,100.87679999999997,6,28,0.19999999999999998,8.61
JR-15670,Jim Radford,1156.658,-785.1645000000002,2,14,0.3,-67.88
DB-13660,Duane Benoit,1155.202,177.6735,7,33,0.16,15.38
CG-12520,Claire Gute,1148.78,169.93439999999995,3,14,0.2,14.79
KC-16675,Kimberly Carter,1146.05,156.7797,4,40,0.08571428571428573,13.68
RD-19810,Ross DeVincentis,1137.616,318.4625,8,63,0.1875,27.99
CW-11905,Carl Weiss,1136.592,370.8298,6,40,0.09090909090909091,32.63
JS-15685,Jim Sink,1131.064,-54.86920000000009,4,42,0.20909090909090908,-4.85
DV-13045,Darrin Van Huff,1119.483,-427.184,5,28,0.17222222222222222,-38.16
TM-21490,Tony Molinari,1094.6779999999999,292.521,3,12,0.05,26.72
JO-15550,Jesus Ocampo,1090.8380000000002,167.67089999999996,5,42,0.23636363636363636,15.37
SW-20245,Scot Wooten,1085.078,-19.60620000000001,7,33,0.26,-1.81
JF-15490,Jeremy Farry,1082.9180000000001,-18.067299999999992,11,36,0.14666666666666667,-1.67
DB-13360,Dennis Bolton,1081.466,291.00849999999997,5,28,0.08333333333333333,26.91
DW-13195,David Wiener,1080.751,-86.87379999999996,6,39,0.24444444444444446,-8.04
CS-12490,Cindy Schnelling,1077.2285,-302.8761000000001,4,33,0.25,-28.12
AR-10345,Alex Russell,1073.354,-215.9722000000001,6,21,0.18571428571428572,-20.12
PC-19000,Pauline Chand,1061.488,-184.33640000000008,2,18,0.13333333333333333,-17.37
DP-13165,David Philippe,1058.616,-40.93760000000005,2,20,0.15000000000000002,-3.87
JC-15385,Jenna Caffey,1058.1080000000002,502.9244,1,14,0.05,47.53
PO-19195,Phillina Ober,1056.858,-49.70090000000004,5,32,0.19,-4.7
AA-10375,Allen Armold,1056.39,277.3824,9,41,0.08000000000000002,26.26
VS-21820,Vivek Sundaresam,1055.981,-262.80930000000006,4,38,0.475,-24.89
DP-13000,Darren Powers,1050.636,241.45239999999998,9,58,0.2117647058823529,22.98
DH-13675,Duane Huffman,1043.096,116.66699999999999,4,41,0.12272727272727274,11.18
SM-20905,Susan MacKendrick,1043.0410000000002,-237.28850000000003,1,20,0.2833333333333333,-22.75
EM-14095,Eudokia Martin,1041.0420000000001,240.23619999999994,4,34,0.1,23.08
TC-21145,Theresa Coyne,1038.26,265.5332,1,17,0.0,25.57
MK-18160,Mike Kennedy,1031.602,227.83379999999994,4,43,0.0818181818181818,22.09
TH-21235,Tiffany House,1022.201,92.72899999999998,8,40,0.2076923076923077,9.07
SW-20350,Sean Wendt,1019.0440000000001,95.83829999999998,3,25,0.21666666666666667,9.4
LS-17200,Luke Schmidt,1010.2560000000001,244.19699999999997,6,54,0.2,24.17
RB-19330,Randy Bradley,1008.1959999999999,-164.40619999999996,2,16,0.3166666666666667,-16.31
LS-17245,Lynn Smith,1008.1360000000001,348.3584,6,47,0.08333333333333333,34.55
BG-11740,Bruce Geld,1006.3560000000001,119.34789999999997,6,22,0.14285714285714285,11.86
VP-21730,Victor Preis,993.902,205.38879999999997,3,18,0.04,20.66
KB-16600,Ken Brennan,983.9219999999999,293.55240000000003,7,29,0.26666666666666666,29.83
BP-11050,Barry Pond,983.42,209.78300000000002,5,30,0.14285714285714285,21.33
TS-21340,Toby Swindell,974.782,-184.97889999999998,5,51,0.2833333333333333,-18.98
RD-19930,Russell D'Ascenzo,970.942,35.057400000000015,4,33,0.31,3.61
AB-10150,Aimee Bixby,966.71,313.65970000000004,5,37,0.13333333333333333,32.45
RC-19825,Roy Collins,966.409,63.9914,6,29,0.11000000000000001,6.62
SS-20875,Sung Shariari,964.6360000000001,-75.58600000000008,5,39,0.24000000000000002,-7.84
JH-15910,Jonathan Howell,959.477,-13.554500000000047,7,35,0.14444444444444446,-1.41
JF-15295,Jason Fortune-,955.124,97.28899999999994,5,42,0.1142857142857143,10.19
RP-19270,Rachel Payne,954.6451999999999,59.53840000000003,4,47,0.19333333333333336,6.24
BS-11800,Bryan Spruell,949.4300000000001,194.05159999999998,2,22,0.0,20.44
RF-19840,Roy Französisch,945.222,280.0261,8,45,0.0818181818181818,29.63
EB-13930,Eric Barreto,944.5999999999999,0.60420000000002,5,24,0.17142857142857143,0.06
MF-17665,Maureen Fritzler,937.0390000000001,-341.5265000000002,5,36,0.1375,-36.45
EM-13960,Eric Murdock,933.7040000000001,102.29600000000002,5,18,0.23333333333333336,10.96
AC-10420,Alyssa Crouse,925.8000000000001,-62.13420000000007,3,17,0.32,-6.71
EH-14185,Evan Henry,923.884,242.11069999999998,6,22,0.2875,26.21
MO-17500,Mary O'Rourke,922.4870000000001,59.35769999999994,4,15,0.22000000000000003,6.43
AB-10255,Alejandro Ballentine,914.532,264.5675,9,39,0.1,28.93
KB-16405,Katrina Bavinger,908.821,274.29699999999997,3,25,0.044444444444444446,30.18
CG-12040,Catherine Glotzbach,904.4680000000001,86.51059999999997,6,37,0.18888888888888888,9.56
SC-20575,Sonia Cooley,902.7280000000001,100.22529999999995,5,30,0.34285714285714286,11.1
JB-15925,Joni Blumstein,900.5520000000001,-286.98080000000004,3,32,0.3,-31.87
HZ-14950,Henia Zydlo,886.52,-130.38789999999995,5,21,0.19999999999999998,-14.71
AB-10015,Aaron Bergman,886.156,129.3465,3,13,0.06666666666666667,14.6
RC-19960,Ryan Crowe,885.752,10.563299999999977,6,44,0.17272727272727273,1.19
CS-12130,Chad Sievert,884.6400000000001,143.83389999999997,4,28,0.1142857142857143,16.26
HE-14800,Harold Engle,883.532,274.40279999999996,4,44,0.018181818181818184,31.06
SK-19990,Sally Knutson,883.409,168.79329999999996,3,19,0.22000000000000003,19.11
RE-19450,Richard Eichhorn,876.696,209.2294,5,47,0.13333333333333333,23.87
JM-15655,Jim Mitchum,864.947,117.20399999999997,5,41,0.15833333333333333,13.55
JR-15700,Jocasta Rupert,863.8799999999999,107.98499999999996,1,3,0.2,12.5
AF-10885,Art Foster,861.565,-163.1175,4,37,0.2571428571428571,-18.93
JC-16105,Julie Creighton,858.576,201.59519999999995,5,43,0.044444444444444446,23.48
MS-17980,Michael Stewart,855.116,55.226000000000006,6,49,0.17272727272727273,6.46
VF-21715,Vicky Freymann,847.944,-96.27800000000002,5,35,0.06363636363636363,-11.35
VG-21790,Vivek Gonzalez,846.01,143.6268,6,32,0.07500000000000001,16.98
CS-12175,Charles Sheldon,844.4580000000001,113.14049999999996,5,30,0.16249999999999998,13.4
TB-21355,Todd Boyes,834.328,268.967,5,44,0.06153846153846154,32.24
AS-10630,Ann Steele,833.3979999999999,136.49189999999996,7,34,0.18333333333333335,16.38
EH-13990,Erica Hackney,825.95,150.3759,6,20,0.0625,18.21
TB-21190,Thomas Brumley,816.1740000000001,179.00379999999996,4,23,0.025,21.93
AM-10360,Alice McCarthy,814.012,194.9878,5,48,0.125,23.95
BM-11575,Brendan Murry,808.162,95.58159999999998,6,22,0.18,11.83
DK-13150,David Kendrick,797.832,249.9447,2,20,0.12000000000000002,31.33
MC-17635,Matthew Clasen,795.154,-247.94350000000014,4,33,0.17500000000000002,-31.18
BF-11275,Beth Fritzler,791.99,25.870199999999986,3,11,0.15000000000000002,3.27
HG-14845,Harry Greene,785.628,147.0032,5,31,0.19,18.71
MG-17890,Michael Granlund,776.384,171.73719999999994,9,35,0.11923076923076924,22.12
MM-18280,Muhammed MacIntyre,775.414,58.8916,9,32,0.14166666666666666,7.59
SF-20065,Sandra Flanagan,763.5459999999999,228.16229999999996,7,35,0.1,29.88
SW-20755,Steven Ward,758.6959999999999,68.24159999999995,2,27,0.1,8.99
LP-17080,Liz Pelletier,756.6059999999999,110.78129999999997,4,39,0.1111111111111111,14.64
Dl-13600,Dorris liebe,755.602,175.23879999999997,5,19,0.21666666666666667,23.19
IG-15085,Ivan Gibson,744.574,320.4982,4,19,0.028571428571428574,43.04
BB-10990,Barry Blumstein,744.34,11.58389999999996,5,26,0.2,1.56
TC-21535,Tracy Collins,742.558,217.933,7,28,0.11000000000000001,29.35
ML-18040,Michelle Lonsdale,742.082,138.71620000000001,3,18,0.25,18.69
RH-19555,Ritsa Hightower,740.382,0.30569999999996256,2,11,0.5333333333333333,0.04
PB-18805,Patrick Bzostek,740.356,229.2257,3,54,0.12000000000000002,30.96
AH-10585,Angele Hood,738.504,83.96300000000002,4,17,0.12000000000000002,11.37
HM-14980,Henry MacAllister,736.2760000000001,117.27550000000002,4,29,0.17142857142857146,15.93
PH-18790,Patricia Hirasaki,729.6480000000001,47.88779999999998,1,6,0.2,6.56
PA-19060,Pete Armstrong,729.408,225.85879999999995,6,27,0.18571428571428572,30.96
JJ-15445,Jennifer Jackson,709.178,200.55579999999998,5,25,0.06666666666666667,28.28
JD-16060,Julia Dunbar,695.442,111.11409999999998,3,17,0.049999999999999996,15.98
PB-19105,Peter Bühler,688.3240000000001,218.15969999999996,4,18,0.12000000000000002,31.69
EH-13945,Eric Hoffmann,684.171,53.53979999999996,8,72,0.29411764705882354,7.83
TR-21325,Toby Ritter,675.942,220.36439999999993,5,22,0.028571428571428574,32.6
AG-10330,Alex Grayson,660.972,-5.1370999999999825,5,47,0.23333333333333334,-0.78
BK-11260,Berenike Kampe,659.138,-63.76440000000004,6,58,0.20625000000000002,-9.67
BD-11770,Bryan Davis,658.466,141.26499999999996,6,21,0.12000000000000002,21.45
AC-10660,Anna Chung,657.316,-28.70040000000001,5,16,0.18333333333333335,-4.37
AW-10840,Anthony Witt,649.3760000000001,65.7725,4,24,0.2,10.13
LO-17170,Lori Olson,644.35,150.17120000000003,5,34,0.25555555555555554,23.31
JB-16000,Joy Bell-,644.1188,126.76489999999997,7,32,0.07428571428571429,19.68
CD-11980,Carol Darley,639.766,-206.71720000000016,3,22,0.43333333333333335,-32.31
MR-17545,Mathew Reese,639.178,162.93629999999996,4,29,0.20000000000000004,25.49
AJ-10960,Astrea Jones,629.2479999999999,60.42649999999998,3,22,0.04,9.6
HO-15231,Harry Olson,620.24,161.2624,2,4,0.0,26.0
RR-19315,Ralph Ritter,615.9319999999999,-73.83499999999997,2,7,0.275,-11.99
SS-20515,Shirley Schmidt,613.4,199.93449999999996,3,36,0.0,32.59
BG-18435,Bruce Galang,609.88,208.6624,5,45,0.0,34.21
BT-11440,Bobby Trafton,603.876,-77.52560000000003,4,16,0.1571428571428571,-12.84
BF-10975,Barbara Fisher,599.798,227.43839999999997,7,38,0.14615384615384613,37.92
MZ-17335,Maria Zettner,593.606,85.01909999999998,4,11,0.06666666666666667,14.32
DL-13330,Denise Leinenbach,585.02,222.68120000000002,4,32,0.05,38.06
AS-10240,Alan Shonely,584.6080000000001,33.71579999999997,7,39,0.2692307692307692,5.77
BD-11635,Brian Derr,582.6460000000001,141.53399999999996,3,19,0.1,24.29
NK-18490,Neil Knudson,572.048,121.2177,7,51,0.1272727272727273,21.19
CM-11935,Carlos Meador,565.3919999999999,-43.73239999999997,2,18,0.2,-7.73
CS-12460,Chuck Sachs,550.644,156.2593,2,13,0.06666666666666667,28.38
CS-11860,Cari Schnelling,537.6320000000001,105.82749999999999,6,16,0.2285714285714286,19.68
JH-15820,John Huston,528.91,26.082199999999997,6,29,0.15000000000000002,4.93
RB-19570,Rob Beeghly,528.546,76.8879,5,35,0.16666666666666666,14.55
JP-11135,James Peterman,515.2,186.676,5,45,0.0,36.23
AY-10555,Andy Yotov,497.014,103.34989999999999,4,34,0.1,20.79
CR-12625,Corey Roper,475.90000000000003,144.75939999999997,3,14,0.0,30.42
MS-17530,MaryBeth Skach,475.65599999999995,84.02679999999997,4,21,0.15714285714285717,17.67
JS-15940,Joni Sundaresam,469.16900000000004,-327.93359999999996,5,37,0.3375,-69.9
EC-14050,Erin Creighton,461.914,96.42559999999997,5,37,0.09999999999999999,20.88
KM-16660,Khloe Miller,453.538,91.1391,5,30,0.044444444444444446,20.1
KW-16570,Kelly Williams,449.096,107.92699999999999,4,22,0.04,24.03
TT-21265,Tim Taslimi,439.5,93.9162,3,8,0.0,21.37
ST-20530,Shui Tom,433.34000000000003,84.44189999999998,7,33,0.20000000000000004,19.49
VG-21805,Vivek Grady,427.372,-52.333,5,16,0.10000000000000002,-12.25
SS-20590,Sonia Sunley,418.49,135.54010000000002,6,17,0.0,32.39
BT-11485,Brad Thomas,415.19599999999997,126.86939999999997,2,11,0.06666666666666667,30.56
MH-17440,Mark Haberlin,400.01599999999996,61.428599999999996,4,25,0.07777777777777778,15.36
BW-11065,Barry Weirich,385.516,-58.28659999999997,3,8,0.13333333333333333,-15.12
JD-16015,Joy Daniels,385.43000000000006,26.76049999999998,6,39,0.3090909090909091,6.94
JK-15325,Jason Klamczynski,383.812,55.32770000000001,3,15,0.1,14.42
NC-19470,Neil Cohen,382.144,-52.742000000000004,6,26,0.4666666666666666,-13.8
VM-21835,Vivian Mathis,380.69,116.6373,5,25,0.11249999999999999,30.64
NF-18475,Neil Französisch,377.162,85.92779999999999,4,13,0.25,22.78
MS-17830,Melanie Seite,370.34799999999996,19.431200000000004,4,14,0.18,5.25
LS-17230,Lycoris Saunders,368.88,39.19519999999998,3,16,0.11666666666666665,10.63
AG-10300,Aleksandra Gannaway,367.548,59.28839999999999,4,16,0.08,16.13
EM-14200,Evan Minnotte,366.822,21.77209999999996,3,13,0.125,5.94
HJ-14875,Heather Jas,358.1,98.6548,5,21,0.10000000000000002,27.55
DW-13540,Don Weiss,344.08,69.66720000000001,5,21,0.17777777777777778,20.25
LT-16765,Larry Tron,329.876,59.036,3,8,0.13333333333333333,17.9
BD-11560,Brendan Dodson,320.54,116.714,2,11,0.0,36.41
LH-17020,Lisa Hazard,318.23900000000003,-242.73989999999998,4,34,0.4666666666666666,-76.28
JH-15430,Jennifer Halladay,309.281,-24.077099999999994,4,29,0.31428571428571433,-7.78
JM-15580,Jill Matthias,303.948,113.12039999999999,5,26,0.1142857142857143,37.22
CM-12445,Chuck Magee,287.99,64.4296,3,32,0.07777777777777778,22.37
LH-16750,Larry Hughes,287.426,12.627700000000017,3,12,0.3666666666666667,4.39
HO-15234,Harry Olson,281.34000000000003,109.72260000000001,2,6,0.0,39.0
SC-20845,Sung Chung,280.63200000000006,31.175699999999985,2,13,0.2,11.11
SC-20800,Stuart Calhoun,279.25600000000003,51.8252,4,11,0.12000000000000002,18.56
NB-18580,Nicole Brennan,273.87199999999996,24.788800000000002,2,7,0.1,9.05
BF-11080,Bart Folk,272.95,110.92719999999998,3,29,0.0,40.64
DD-13570,Dorothy Dickinson,269.54200000000003,36.4344,6,33,0.24444444444444446,13.52
BN-11470,Brad Norvell,265.296,36.61309999999998,4,15,0.16666666666666666,13.8
AR-10510,Andrew Roberts,264.86400000000003,43.66949999999999,5,33,0.21428571428571427,16.49
HD-14785,Harold Dahlen,251.35999999999999,-135.8760000000001,3,31,0.3,-54.06
SM-20005,Sally Matthias,244.494,-26.59269999999999,4,26,0.26666666666666666,-10.88
PL-18925,Paul Lucas,239.48100000000005,-0.7527000000000008,5,29,0.25,-0.31
GP-14740,Guy Phonely,236.53000000000003,31.837600000000002,2,21,0.13999999999999999,13.46
EM-14065,Erin Mull,228.99,40.154599999999995,4,22,0.25,17.54
GT-14755,Guy Thornton,226.436,-6.139200000000024,4,23,0.2,-2.71
MK-19560,Michael Knudson,225.69600000000003,-74.1416,7,48,0.4,-32.85
RB-19645,Robert Barroso,221.084,72.67899999999999,5,29,0.14285714285714285,32.87
HH-15010,Hilary Holden,218.668,86.73419999999999,2,20,0.03333333333333333,39.66
AG-10390,Allen Goldenen,200.94500000000002,69.2784,5,33,0.22499999999999998,34.48
JJ-15760,Joel Jenkins,195.0,34.449200000000005,2,11,0.06666666666666667,17.67
AG-10765,Anthony Garverick,170.584,-8.431000000000026,4,20,0.45999999999999996,-4.94
ML-18265,Muhammed Lee,162.23200000000003,42.6648,2,7,0.06666666666666667,26.3
AO-10810,Anthony O'Donnell,161.28,12.095999999999997,1,2,0.2,7.5
PT-19090,Pete Takahito,160.572,-20.050800000000017,4,19,0.37142857142857144,-12.49
DA-13450,Dianna Arnett,156.76,56.79039999999999,4,27,0.125,36.23
MO-17950,Michael Oakman,154.288,-82.00740000000002,2,14,0.35000000000000003,-53.15
GH-14665,Greg Hansen,146.9408,-5.810199999999994,2,9,0.24,-3.95
JT-12540,Jill Trafton,144.58800000000002,-197.60359999999997,2,2,0.7,-136.67
HO-15232,Harry Olson,140.928,45.80159999999999,2,12,0.2,32.5
PB-19210,Phillip Breyer,132.738,21.897,2,10,0.1,16.5
BO-11425,Bobby Odegard,130.83,59.45219999999999,2,7,0.0,45.44
EL-13735,Ed Ludwig,124.28,27.115399999999994,2,9,0.0,21.82
CC-12550,Clay Cheatham,113.832,33.8706,3,14,0.15000000000000002,29.75
RM-19750,Roland Murray,98.35,28.687899999999992,1,4,0.0,29.17
KS-16300,Karen Seio,88.47200000000001,0.11099999999999888,3,10,0.275,0.13
AR-10570,Anemone Ratner,88.15,32.632999999999996,1,6,0.0,37.02
FW-14395,Fred Wasserman,79.75,23.491300000000003,3,9,0.0,29.46
JC-15340,Jasper Cacioppo,71.263,-0.3556000000000008,4,12,0.22499999999999998,-0.5
AS-10135,Adrian Shami,58.82,21.8496,2,9,0.06666666666666667,37.15
LB-16735,Larry Blacks,50.188,18.6507,3,12,0.26666666666666666,37.16
RE-19405,Ricardo Emerson,48.36,6.044999999999995,1,5,0.2,12.5
SG-20890,Susan Gilcrest,47.946,-3.7073000000000036,3,17,0.4,-7.73
HO-15233,Harry Olson,39.36,13.775999999999996,2,10,0.2,35.0
RS-19870,Roy Skaria,22.328,9.5838,2,10,0.06666666666666667,42.92
JS-13215,Jennifer Sheldon,19.98,8.991,2,2,0.0,45.0
MG-18205,Mitch Gastineau,16.739000000000004,-1.2453000000000016,1,8,0.44999999999999996,-7.44
CJ-11875,Carl Jackson,16.520000000000003,1.6519999999999992,1,5,0.2,10.0
HO-15230,Harry Olson,6.048,-1.2096,2,6,0.2,-20.0
LD-16855,Lela Donovan,5.304,0.46409999999999996,1,3,0.2,8.75
TS-21085,Thais Sissman,4.833000000000001,-3.3156,2,4,0.7,-68.6
