Discount,Sales,Profit,Quantity,Orders,Profit Margin (%)
0.0,1105323.79,326718.5872,18770,2714,29.56
0.1,54952.497,9099.969999999998,377,91,16.56
0.15,27558.5215,1418.9914999999994,198,51,5.15
0.2,773939.3960000001,91079.95169999998,13856,2440,11.77
0.3,104474.067,-10513.445600000001,855,214,-10.06
0.32,14493.458799999999,-2391.1377000000007,105,27,-16.5
0.4,116497.75799999999,-23086.374200000006,789,186,-19.82
0.45,5484.974,-2493.1111,45,10,-45.45
0.5,58918.54,-20506.4281,241,64,-34.8
0.6,7105.9400000000005,-6164.3472,554,138,-86.75
0.7,40805.266,-40300.572700000004,1674,349,-98.76
0.8,16980.145999999997,-30565.269200000006,1190,251,-180.01
