Sub-Category,Sales,Profit,Quantity,Orders,Profit Margin (%)
Copiers,150745.29,56093.936499999996,242,70,37.21
Phones,331842.64,45050.826499999996,3357,826,13.58
Accessories,167380.318,41936.6357,2976,718,25.05
Paper,79540.538,34511.507,5207,1205,43.39
Binders,207354.881,31426.100299999995,6071,1339,15.16
Chairs,335768.249,27223.53229999999,2431,591,8.11
Storage,224644.554,21285.111499999995,3191,787,9.48
Appliances,108213.185,18329.484399999994,1750,459,16.94
Furnishings,95598.126,13891.742999999999,3799,919,14.53
Envelopes,16528.362,6988.024699999999,914,251,42.28
Art,27659.014,6653.196199999999,3092,756,24.05
Labels,12695.042,5572.778,1410,348,43.9
Machines,189925.03100000002,3461.9768999999887,442,114,1.82
Fasteners,8532.24,2428.6358,980,226,28.46
Supplies,46725.498,-1171.394500000001,653,189,-2.51
Bookcases,115361.2043,-3632.073600000003,878,228,-3.15
Tables,208020.182,-17753.206100000007,1261,314,-8.53
